author1,author2,collaborations
J. Wang,Y. Li,41
J. Wang,Y. Gao,40
J. Wang,Z. Xu,36
J. Wang,Y. Liu,33
C. Li,J. Wang,32
Y. Gao,Y. Li,31
J. Wang,Z. Wang,31
J. Wang,Y. Wang,29
J. Wang,T. Li,28
Y. Li,Y. Liu,28
J. Wang,X. Wang,28
Y. Li,Z. Xu,27
Y. Gao,Z. Xu,27
C. Li,Y. Liu,26
C. Li,Y. Li,26
Y. Gao,Y. Liu,25
Y. Li,Z. Wang,25
Y. Liu,Z. Wang,25
C. Li,Z. Wang,25
Y. Gao,Z. Wang,25
C. Li,Y. Gao,25
J. Wang,X. Zhu,24
Y. Li,Y. Wang,24
J. Wang,Y. Song,24
J. Sun,J. Wang,24
J. Wang,Y. Yang,24
J. Wang,M. Wang,23
X. Wang,Y. Li,22
T. Li,Y. Li,22
T. Li,Y. Gao,22
Y. Gao,Y. Wang,22
Dusit Niyato,Jiawen Kang,22
Y. Liu,Y. Wang,22
X. Wang,Y. Gao,21
M. Wang,Y. Liu,21
C. Li,M. Wang,21
Minghui Xu,Xiuzhen Cheng,21
C. Wang,Y. Liu,21
M. Wang,Z. Wang,21
B. Wang,J. Wang,20
B. Wang,Y. Liu,20
X. Wang,Y. Liu,19
C. Li,T. Li,19
C. Li,C. Wang,19
K. Liu,Y. Liu,19
C. Wang,J. Wang,19
C. Wang,Z. Wang,19
J. Wang,Y. Zhang,19
M. Wang,Y. Li,19
T. Li,Y. Liu,19
C. Li,K. Liu,19
Y. Li,Y. Yang,19
T. Li,Z. Wang,19
J. Wang,K. Liu,19
K. Liu,Z. Wang,19
Y. Gao,Y. Yang,19
Y. Wang,Z. Wang,19
Y. Liu,Y. Zhang,19
B. Wang,C. Li,19
M. Wang,Y. Gao,19
B. Wang,Z. Wang,19
C. Li,Y. Wang,19
X. Zhu,Z. Xu,18
C. Li,X. Wang,18
J. Sun,Y. Li,18
Y. Song,Z. Xu,18
X. Zhu,Y. Li,18
Y. Wang,Z. Xu,18
Y. Gao,Y. Song,18
C. Li,Z. Xu,18
Y. Li,Y. Song,18
X. Wang,Z. Xu,18
Z. Wang,Z. Xu,18
J. Sun,Y. Gao,18
C. Li,Y. Zhang,18
J. Sun,Z. Xu,18
Y. Liu,Z. Xu,18
X. Wang,Z. Wang,18
Y. Zhang,Z. Wang,18
X. Zhu,Y. Gao,18
T. Li,Z. Xu,18
B. Wang,Y. Li,17
C. Wang,M. Wang,17
K. Liu,M. Wang,17
C. Wang,Y. Li,17
Y. Yang,Z. Wang,17
J. Wang,Z. Wu,17
C. Li,Y. Yang,17
Dusit Niyato,Zehui Xiong,17
B. Wang,M. Wang,17
Y. Liu,Y. Yang,17
J. Wang,J. Zhang,17
Jiajing Wu,Zibin Zheng,17
Arthur Gervais,Liyi Zhou,17
G. Wilkinson,J. Wang,16
T. Li,Y. Wang,16
J. Wang,M. Xu,16
L. Zhao,Y. Liu,16
J. Wang,X. Zhou,16
J. Wang,Y. H. Wang,16
